Fold,RMSE (mmol/L),MARD (%),Zone A (%),Zone A+B (%)
1,3.249593251492855,50.05811894897185,23.343373493975903,75.45180722891567
2,3.268341030028719,27.211297695683207,37.83783783783784,93.64069952305246
3,2.872864046697566,28.59849795378396,42.04946996466431,93.63957597173145
4,6.616396414713064,46.93446739811073,26.719056974459725,67.77996070726915
5,3.4402116998174197,45.42727199515957,27.400000000000002,76.8
6,5.111948367353087,81.70152690003083,27.25409836065574,68.23770491803279
7,5.869379565804214,65.02390096470279,24.69733656174334,66.10169491525423
8,2.4743111883415803,35.854767147376286,34.5679012345679,93.20987654320987
9,5.871961894615712,175.65399791411173,4.0650406504065035,24.390243902439025
Average,4.308334162096025,61.829316324214545,27.548235008701248,73.25017374554496
