fold,RandomForest,GradientBoosting,Bagging
1,0.0799909863969579,0.03118575591594186,0.08076834290845447
2,0.1344390691427706,0.07219758564191703,0.13266921957442013
3,0.1384114698489104,0.0758195403963472,0.13937603030628065
4,0.14996859751807423,0.08254517400853034,0.1517052091680845
5,0.12713027224980522,0.07678610772896066,0.12772185546937043
6,0.14156271061850378,0.09658876394320781,0.14063057813679103
7,0.15357602177979623,0.09548232569693493,0.1506998163673654
8,0.11601359448568527,0.05255240866605937,0.11723059540531622
9,0.14427642932118734,0.08383744384649483,0.1450115869925166
