Fold,ECG_RMSE,ECG_MARD,ECG_ZA,ECG_ZAB,PPG_RMSE,PPG_MARD,PPG_ZA,PPG_ZAB,BOTH_RMSE,BOTH_MARD,BOTH_ZA,BOTH_ZAB
1,2.04,11.54,79.61,99.93,2.81,17.26,69.75,96.65,1.93,10.85,81.65,100.0
2,1.16,12.7,80.52,100.0,1.2,13.58,76.11,99.93,1.1,12.62,81.69,100.0
3,1.49,17.72,77.38,95.85,1.58,19.95,73.14,95.85,1.45,17.68,78.1,96.07
4,1.85,13.39,76.46,99.82,2.4,16.9,70.47,97.93,1.83,12.64,77.84,100.0
5,1.42,14.47,72.3,100.0,1.49,13.05,73.69,100.0,1.22,11.62,83.44,100.0
6,1.5,13.35,77.83,99.91,1.85,17.29,66.78,98.34,1.48,13.56,77.85,99.88
7,1.67,14.35,77.19,99.95,1.74,17.91,69.13,99.89,1.68,13.72,80.48,100.0
8,1.17,12.43,77.89,99.37,1.38,15.01,71.28,98.97,1.13,12.24,80.4,99.37
9,1.98,13.74,84.03,99.27,2.13,18.59,67.61,99.2,1.79,13.74,83.25,100.0
10,1.31,15.14,75.79,99.7,1.59,21.1,64.64,98.54,1.28,15.58,76.27,99.63
