protocol,fold,n_train,n_test,n_features,selection,r2_RandomForest,r2_GradientBoosting,r2_Bagging,lambda,weight_on_min,density_spread,equivalent_operator,degenerate
loso,1,27076,3754,10,"UFS 33, RFE 33, L1 10 -> intersection 10",-0.12006244110678188,-0.0354929011424856,-0.11919654050775463,846.2429422585635,0.8953757057741433,0.0,minimum-like OWA,True
loso,2,27189,3641,10,"UFS 33, RFE 33, L1 10 -> intersection 10",-0.09764435572755636,-0.01537944778736633,-0.09782398705041517,846.2429422585635,0.8953757057741433,0.0,minimum-like OWA,True
loso,3,27407,3423,10,"UFS 33, RFE 33, L1 10 -> intersection 10",-0.04472565612965518,0.019659235417888943,-0.04561678038216166,584.6560694534145,0.8554018515032877,0.009659235417888943,competence-weighted (non-degenerate),False
loso,4,27485,3345,10,"UFS 33, RFE 33, L1 10 -> intersection 10",-0.08377940349221857,-0.025501955699669843,-0.08359562442625657,846.2429422585635,0.8953757057741433,0.0,minimum-like OWA,True
loso,5,27687,3143,10,"UFS 33, RFE 33, L1 10 -> intersection 10",-0.057140287737725615,-0.014680098105886996,-0.057109064707441926,846.2429422585635,0.8953757057741433,0.0,minimum-like OWA,True
loso,6,27720,3110,10,"UFS 33, RFE 33, L1 10 -> intersection 10",-0.13344789921720168,-0.07669129483365023,-0.1321773106537394,846.2429422585635,0.8953757057741433,0.0,minimum-like OWA,True
loso,7,28111,2719,10,"UFS 33, RFE 33, L1 10 -> intersection 10",-0.1162033771393971,-0.0468596989794825,-0.11575357787115892,846.2429422585635,0.8953757057741433,0.0,minimum-like OWA,True
loso,8,28176,2654,10,"UFS 33, RFE 33, L1 10 -> intersection 10",-0.1254003004855364,-0.037158421036922906,-0.1252103820755237,846.2429422585635,0.8953757057741433,0.0,minimum-like OWA,True
loso,9,28289,2541,10,"UFS 33, RFE 33, L1 10 -> intersection 10",-0.13098336182180703,-0.06256295998046335,-0.1321887325225708,846.2429422585635,0.8953757057741433,0.0,minimum-like OWA,True
loso,10,28330,2500,10,"UFS 33, RFE 33, L1 10 -> intersection 10",-0.09293344128604253,-0.020561496173718385,-0.09362472452906134,846.2429422585635,0.8953757057741433,0.0,minimum-like OWA,True
